<?xml version="1.0" encoding="UTF-8"?>
<project-private xmlns="http://www.netbeans.org/ns/project-private/1">
    <editor-bookmarks xmlns="http://www.netbeans.org/ns/editor-bookmarks/2" lastBookmarkId="0"/>
    <open-files xmlns="http://www.netbeans.org/ns/projectui-open-files/2">
        <group>
            <file>file:/C:/Users/2002sammy2002/Documents/NetBeansProjects/CourseSchedulerSamanthaGlennSag5863/src/ScheduleQueries.java</file>
            <file>file:/C:/Users/2002sammy2002/Documents/NetBeansProjects/CourseSchedulerSamanthaGlennSag5863/src/SemesterQueries.java</file>
            <file>file:/C:/Users/2002sammy2002/Documents/NetBeansProjects/CourseSchedulerSamanthaGlennSag5863/src/CourseEntry.java</file>
            <file>file:/C:/Users/2002sammy2002/Documents/NetBeansProjects/CourseSchedulerSamanthaGlennSag5863/src/CourseQueries.java</file>
            <file>file:/C:/Users/2002sammy2002/Documents/NetBeansProjects/CourseSchedulerSamanthaGlennSag5863/src/StudentQueries.java</file>
            <file>file:/C:/Users/2002sammy2002/Documents/NetBeansProjects/CourseSchedulerSamanthaGlennSag5863/src/MainFrame.java</file>
            <file>file:/C:/Users/2002sammy2002/Documents/NetBeansProjects/CourseSchedulerSamanthaGlennSag5863/src/StudentEntry.java</file>
            <file>file:/C:/Users/2002sammy2002/Documents/NetBeansProjects/CourseSchedulerSamanthaGlennSag5863/src/DBConnection.java</file>
            <file>file:/C:/Users/2002sammy2002/Documents/NetBeansProjects/CourseSchedulerSamanthaGlennSag5863/src/ScheduleEntry.java</file>
        </group>
    </open-files>
</project-private>
